date,commit,commit_time,snapshotIndex,elapsedMinutes,heap_usedMB,heap_totalMB,heap_deltaMB,heap_growthFromBaselineMB,session_topLevel,session_deep,session_active,dom_nodes,idb_files,idb_logs,log_outcome,log_entries,log_errors
12-May-26,8fb040b5,2026-05-12 05:11:29 +0100,0,10.3,190.7,249,,0,347,1041,2,6916,308,56,in-progress,346,0
12-May-26,0cfbaec7,2026-05-12 05:26:41 +0100,1,20.4,94.5,103.8,-96.2,-96.2,745,2250,3,14215,308,56,in-progress,744,0
12-May-26,150a2c8d,2026-05-12 05:39:30 +0100,2,35.6,96.8,104.7,2.3,-93.9,770,2313,2,14823,308,56,in-progress,769,8
12-May-26,0292179d,2026-05-12 05:53:25 +0100,3,48.4,94.9,100.1,-1.9,-95.8,784,2359,3,14962,308,56,in-progress,783,13
12-May-26,56553f0d,2026-05-12 06:05:46 +0100,4,62.3,93.7,105.8,-1.2,-97,795,2389,3,15154,308,56,in-progress,794,20
12-May-26,8ffcc846,2026-05-12 06:18:18 +0100,5,74.6,94.8,101.1,1.1,-95.9,805,2417,3,15316,308,56,in-progress,804,26
12-May-26,5e0ce1a4,2026-05-12 06:33:48 +0100,6,87.2,100.5,105.6,5.7,-90.2,816,2448,2,15509,308,56,in-progress,815,32
12-May-26,67a9fc9a,2026-05-12 06:43:54 +0100,7,102.7,103.6,109.5,3.1,-87.1,835,2498,2,15705,308,56,in-progress,834,37
12-May-26,8d60938c,2026-05-12 06:56:23 +0100,8,112.8,101.1,110,-2.5,-89.6,846,2531,2,15837,308,56,in-progress,845,42
12-May-26,75299f7e,2026-05-12 07:09:05 +0100,9,125.3,95.6,98.6,-5.5,-95.1,856,2559,2,15999,308,56,in-progress,855,48
12-May-26,90d044ae,2026-05-12 07:21:10 +0100,10,138,101.8,109.8,6.2,-88.9,863,2581,3,16111,308,56,in-progress,862,52
12-May-26,1a3371be,2026-05-12 07:37:04 +0100,11,150,94.5,101.8,-7.3,-96.2,874,2610,2,16266,308,56,in-progress,873,58
12-May-26,36306e6f,2026-05-12 07:52:29 +0100,12,165.9,97.2,107.6,2.7,-93.5,884,2641,3,16405,308,56,in-progress,883,63
12-May-26,ad8702fb,2026-05-12 08:21:21 +0100,14,197.8,97,101.8,0.6,-93.7,915,2726,3,16853,308,56,in-progress,914,77
12-May-26,f6f72d1d,2026-05-12 08:33:47 +0100,15,210.2,95.1,100.3,-1.9,-95.6,921,2742,3,16935,308,56,in-progress,920,80
12-May-26,8044b3d1,2026-05-12 08:46:00 +0100,16,222.7,98.9,108.3,3.8,-91.8,929,2766,3,17063,308,56,in-progress,928,85
12-May-26,ae95701c,2026-05-12 08:57:40 +0100,17,234.9,97.2,108.1,-1.7,-93.5,935,2783,3,17168,308,56,in-progress,934,89
12-May-26,3a36bc3a,2026-05-12 09:10:05 +0100,18,246.6,97.1,109.8,-0.1,-93.6,941,2799,3,17273,308,56,in-progress,940,93
12-May-26,2ab9ba6b,2026-05-12 09:22:23 +0100,19,259,104.2,113.6,7.1,-86.5,947,2816,3,17378,308,56,in-progress,946,97
12-May-26,84b5dbd1,2026-05-12 09:34:04 +0100,20,271.3,97.1,108.6,-7.1,-93.6,953,2829,2,17430,308,56,in-progress,952,101
12-May-26,3d4a07fc,2026-05-12 09:45:32 +0100,21,283,97.9,105.6,0.8,-92.8,961,2858,3,17617,308,56,in-progress,960,104
12-May-26,a607b041,2026-05-12 10:06:39 +0100,22,297.5,95.7,101.8,-2.2,-95,982,2917,3,17717,308,56,in-progress,981,109
12-May-26,5ff321e4,2026-05-12 10:18:35 +0100,23,315.5,105.1,114.7,9.4,-85.6,990,2933,2,17941,308,56,in-progress,989,116
12-May-26,249e4c8a,2026-05-12 10:30:49 +0100,24,327.5,95.9,104.3,-9.2,-94.8,996,2949,2,18025,308,56,in-progress,995,120
12-May-26,0cdf9f0d,2026-05-12 10:43:17 +0100,25,339.7,103.9,112.8,8,-86.8,1002,2965,2,18169,308,56,in-progress,1001,124
12-May-26,7d7936ff,2026-05-12 10:55:20 +0100,26,352.2,98,102.3,-5.9,-92.7,1008,2982,2,18283,308,56,in-progress,1007,128
12-May-26,f94f0423,2026-05-12 11:09:35 +0100,27,364.2,99,109.1,1,-91.7,1017,3013,3,18351,308,56,in-progress,1016,132
12-May-26,99e1a185,2026-05-12 11:25:43 +0100,28,378.5,106.9,119.9,7.9,-83.8,1028,3045,3,18542,308,56,in-progress,1027,139
12-May-26,e4d4592a,2026-05-12 11:38:27 +0100,29,394.6,102.4,112.5,-4.5,-88.3,1050,3090,2,14854,308,56,in-progress,1049,144
12-May-26,4783f161,2026-05-12 11:51:58 +0100,30,407.3,93.9,108.9,-8.5,-96.8,1092,3240,2,14866,308,56,in-progress,1091,150
12-May-26,9971fa33,2026-05-12 12:06:10 +0100,31,420.9,99,114.7,5.1,-91.7,1132,3352,2,14874,308,56,in-progress,1131,154
12-May-26,742550a4,2026-05-12 12:16:44 +0100,32,435.1,96.9,112.4,-2.1,-93.8,1157,3450,2,14894,308,56,in-progress,1156,161
12-May-26,c03bec39,2026-05-12 12:26:49 +0100,33,445.6,105.1,120.7,8.2,-85.6,1183,3525,2,14902,308,56,in-progress,1182,165
12-May-26,62cfa775,2026-05-12 12:37:01 +0100,34,455.7,103.3,118.3,-1.8,-87.4,1221,3652,3,14928,308,56,in-progress,1220,168
12-May-26,8764c734,2026-05-12 12:47:56 +0100,35,466.1,94.7,114.9,-8.6,-96,1266,3792,3,14928,308,56,in-progress,1265,171
12-May-26,283c90b2,2026-05-12 12:59:18 +0100,36,477.6,106,123.5,11.3,-84.7,1303,3907,3,14944,308,56,in-progress,1302,176
12-May-26,41376ba9,2026-05-12 13:11:23 +0100,37,488.2,98,117.1,-8,-92.7,1339,4014,2,14958,308,56,in-progress,1338,181
11-May-26,4f6f5da6,2026-05-11 05:10:30 +0100,0,10.3,190.4,257.4,,0,378,1105,2,7438,308,55,in-progress,377,7
11-May-26,21a053f9,2026-05-11 05:25:23 +0100,1,20.4,86.1,104.8,-104.3,-104.3,740,2191,3,13953,308,55,in-progress,739,7
11-May-26,c553fd9a,2026-05-11 05:39:19 +0100,2,35.2,84.3,101,-1.8,-106.1,757,2243,3,14320,308,55,in-progress,756,14
11-May-26,5f996719,2026-05-11 05:52:34 +0100,3,49.2,86.3,92.8,2,-104.1,802,2362,3,14600,308,55,in-progress,801,20
11-May-26,6863d0f0,2026-05-11 06:06:18 +0100,4,62.4,89.7,98.6,3.4,-100.7,816,2408,3,14781,308,55,in-progress,815,26
11-May-26,1efabd5d,2026-05-11 06:21:24 +0100,5,76.2,84.9,94.8,-4.8,-105.5,827,2448,3,15094,308,55,in-progress,826,33
11-May-26,c4698a95,2026-05-11 06:31:44 +0100,6,91.3,85.3,94.1,0.4,-105.1,834,2470,3,15267,308,55,in-progress,833,38
11-May-26,0537cc5b,2026-05-11 06:43:35 +0100,7,101.6,86.9,93.6,1.6,-103.5,845,2511,3,15536,308,55,in-progress,844,44
11-May-26,b7924b47,2026-05-11 06:56:42 +0100,8,113.4,85.4,94.1,-1.5,-105,856,2544,2,15680,308,55,in-progress,855,49
11-May-26,d024f5a4,2026-05-11 07:09:27 +0100,9,126.6,87.1,99.6,1.7,-103.3,866,2574,2,15837,308,55,in-progress,865,55
11-May-26,9d602f85,2026-05-11 07:22:36 +0100,10,139.3,85.9,96.1,-1.2,-104.5,880,2620,2,16004,308,55,in-progress,879,61
11-May-26,591187ab,2026-05-11 07:38:49 +0100,11,152.5,100.8,110.3,14.9,-89.6,894,2670,2,16223,308,55,in-progress,893,67
11-May-26,d7f3128e,2026-05-11 07:48:54 +0100,12,168.7,86,90.3,-14.8,-104.4,898,2682,3,16296,308,55,in-progress,897,70
11-May-26,14505773,2026-05-11 07:59:06 +0100,13,178.8,86,91.1,0,-104.4,905,2699,2,16394,308,55,in-progress,904,74
11-May-26,f09084ff,2026-05-11 08:11:21 +0100,14,189,86.6,91.3,0.6,-103.8,911,2722,3,16533,308,55,in-progress,910,77
11-May-26,3524a40f,2026-05-11 08:26:23 +0100,15,201.2,89.7,99.3,3.1,-100.7,919,2754,3,16723,308,55,in-progress,918,81
11-May-26,541878e7,2026-05-11 08:36:28 +0100,16,216.2,92.1,99.1,2.4,-98.3,927,2779,2,17032,308,55,in-progress,926,88
11-May-26,50ede367,2026-05-11 08:49:27 +0100,17,226.3,87.2,92.8,-4.9,-103.2,965,2870,2,17142,308,55,in-progress,964,91
11-May-26,ae2513e1,2026-05-11 09:02:42 +0100,18,239.3,88.2,100.8,1,-102.2,974,2901,3,17037,308,55,in-progress,973,95
11-May-26,401eacc4,2026-05-11 09:14:33 +0100,19,252.6,94.3,100.4,6.1,-96.1,980,2914,2,17201,308,55,in-progress,979,100
11-May-26,524a2f4c,2026-05-11 09:26:18 +0100,20,264.4,87,99.6,-7.3,-103.4,986,2935,2,17466,308,55,in-progress,985,104
11-May-26,9c093ad0,2026-05-11 09:38:44 +0100,21,276.2,87.9,93.6,0.9,-102.5,992,2958,3,17707,308,55,in-progress,991,107
11-May-26,60644f96,2026-05-11 09:50:44 +0100,22,288.6,95.1,103.9,7.2,-95.3,998,2978,2,18038,308,55,in-progress,997,112
11-May-26,7a7ed94e,2026-05-11 10:03:28 +0100,23,300.6,87.5,97.8,-7.6,-102.9,1004,2995,2,17968,308,55,in-progress,1003,116
11-May-26,6a442249,2026-05-11 10:15:40 +0100,24,313.3,88.1,98.1,0.6,-102.3,1010,3016,2,18191,308,55,in-progress,1009,120
11-May-26,0aae9da1,2026-05-11 10:33:35 +0100,25,325.5,90.2,98.1,2.1,-100.2,1019,3052,3,18562,308,55,in-progress,1018,125
11-May-26,90b6cb2e,2026-05-11 10:45:26 +0100,26,343.5,88.4,97.6,-1.8,-102,1027,3073,2,18848,308,55,in-progress,1026,131
11-May-26,cc2e42bb,2026-05-11 11:04:00 +0100,27,355.3,88.5,98.8,0.1,-101.9,1035,3098,2,18962,308,55,in-progress,1034,135
11-May-26,51973d72,2026-05-11 11:16:09 +0100,28,373.9,88.7,98.1,0.2,-101.7,1044,3121,2,19157,308,55,in-progress,1043,142
11-May-26,c660f4bb,2026-05-11 11:34:21 +0100,29,386,88.8,98.3,0.1,-101.6,1052,3147,2,19226,308,55,in-progress,1051,146
11-May-26,1529c5e7,2026-05-11 11:44:26 +0100,30,404.2,91.3,101.8,2.5,-99.1,1057,3161,3,19409,308,55,in-progress,1056,150
11-May-26,cd7f9b82,2026-05-11 11:54:31 +0100,31,414.3,94.5,101.8,3.2,-95.9,1062,3172,2,19414,308,55,in-progress,1061,154
11-May-26,57737c2c,2026-05-11 12:06:06 +0100,32,424.4,89.5,100.8,-5,-100.9,1068,3189,2,19611,308,55,in-progress,1067,158
11-May-26,da4e14e8,2026-05-11 12:16:12 +0100,33,436,86.3,94.6,-3.2,-104.1,1078,3227,2,15875,308,55,in-progress,1077,162
11-May-26,ed3ac7f2,2026-05-11 12:27:27 +0100,34,446.1,89.3,101.1,3,-101.1,1096,3294,3,15924,308,55,in-progress,1095,167
11-May-26,bfb0a671,2026-05-11 12:39:08 +0100,35,457.3,97.1,109.6,7.8,-93.3,1141,3415,3,16012,308,55,in-progress,1140,173
11-May-26,4e898679,2026-05-11 12:49:13 +0100,36,469,92.2,105.1,-4.9,-98.2,1143,3415,2,16017,308,55,in-progress,1142,176
11-May-26,70a51639,2026-05-11 12:59:46 +0100,37,479.1,87.1,97.4,-5.1,-103.3,1145,3423,3,16020,308,55,in-progress,1144,177
11-May-26,10fd08dd,2026-05-11 13:09:52 +0100,38,489.6,95.3,103,8.2,-95.1,1146,3421,2,16017,308,55,in-progress,1145,179
10-May-26,e4413358,2026-05-10 05:21:00 +0100,0,10.2,171.3,250.2,,0,374,1104,2,7733,308,54,in-progress,373,8
10-May-26,3e9f22b9,2026-05-10 05:35:32 +0100,1,20.4,89.6,109.7,-81.7,-81.7,740,2205,3,14429,308,54,in-progress,739,8
10-May-26,08b7a725,2026-05-10 05:49:04 +0100,2,34.9,92.2,105.6,2.6,-79.1,756,2257,2,14550,308,54,in-progress,755,15
10-May-26,91fc81a3,2026-05-10 05:59:53 +0100,3,48.4,88.5,101.8,-3.7,-82.8,801,2376,3,14750,308,54,in-progress,800,20
10-May-26,80ea62d5,2026-05-10 06:11:55 +0100,4,61.2,86.2,92.8,-2.3,-85.1,813,2415,3,14960,308,54,in-progress,812,26
10-May-26,864582be,2026-05-10 06:24:35 +0100,5,71.3,85,93.1,-1.2,-86.3,827,2469,2,15192,308,54,in-progress,826,31
10-May-26,0bfa72f6,2026-05-10 06:35:42 +0100,6,84,91.7,103.1,6.7,-79.6,850,2553,2,15355,308,54,in-progress,849,36
10-May-26,eead0e52,2026-05-10 06:49:18 +0100,7,95.1,85.8,96.3,-5.9,-85.5,870,2633,3,15503,308,54,in-progress,869,39
10-May-26,36208a77,2026-05-10 07:03:30 +0100,8,111,87.8,99.3,2,-83.5,882,2678,3,15743,308,54,in-progress,881,45
10-May-26,7b99736e,2026-05-10 07:13:35 +0100,9,122.9,85.3,91.3,-2.5,-86,919,2760,2,15913,308,54,in-progress,918,50
10-May-26,7a204ba9,2026-05-10 07:25:18 +0100,10,133,88.6,100.6,3.3,-82.7,927,2790,3,16004,308,54,in-progress,926,53
10-May-26,e17708fc,2026-05-10 07:41:35 +0100,11,147.4,90.4,101.6,1.8,-80.9,940,2831,2,16314,308,54,in-progress,939,61
10-May-26,4d9de199,2026-05-10 07:51:40 +0100,12,161,86.7,92.8,-3.7,-84.6,949,2860,2,16456,308,54,in-progress,948,66
10-May-26,0906a653,2026-05-10 08:03:35 +0100,13,171.1,88.9,95.8,2.2,-82.4,957,2891,3,16595,308,54,in-progress,956,69
10-May-26,9ff8c5f0,2026-05-10 08:13:40 +0100,14,183,94.2,105.1,5.3,-77.1,959,2897,3,16681,308,54,in-progress,958,71
10-May-26,8ce87a60,2026-05-10 08:26:10 +0100,15,193.1,88.7,96.6,-5.5,-82.6,967,2924,2,16875,308,54,in-progress,966,76
10-May-26,e8092d35,2026-05-10 08:42:28 +0100,16,205.5,88.3,95.3,-0.4,-83,979,2961,2,16856,308,54,in-progress,978,82
10-May-26,c9033cf9,2026-05-10 08:54:48 +0100,17,221.9,87.2,92.8,-1.1,-84.1,987,2986,3,17082,308,54,in-progress,986,87
10-May-26,fc0ad7da,2026-05-10 09:06:40 +0100,18,234.2,89.5,93.6,2.3,-81.8,993,3003,3,17289,308,54,in-progress,992,91
10-May-26,f2d0e210,2026-05-10 09:18:54 +0100,19,246.1,87.3,92.6,-2.2,-84,999,3020,3,17243,308,54,in-progress,998,95
10-May-26,7699eefa,2026-05-10 09:29:45 +0100,20,258.3,90.2,101.3,2.9,-81.1,1007,3046,3,17405,308,54,in-progress,1006,99
10-May-26,4d202fac,2026-05-10 09:48:42 +0100,21,271.5,91.2,102.3,1,-80.1,1015,3073,2,17767,308,54,in-progress,1014,104
10-May-26,70df6502,2026-05-10 10:05:07 +0100,22,289.2,91.2,101.8,0,-80.1,1026,3112,3,18045,308,54,in-progress,1025,110
10-May-26,0471a8f6,2026-05-10 10:18:01 +0100,23,307.2,88.2,93.6,-3,-83.1,1035,3134,3,18240,308,54,in-progress,1034,117
10-May-26,63cd42b7,2026-05-10 10:29:51 +0100,24,319.2,90.2,101.8,2,-81.1,1041,3149,3,18234,308,54,in-progress,1040,121
10-May-26,4e290dbf,2026-05-10 10:39:56 +0100,25,329.2,87.9,93.6,-2.3,-83.4,1046,3164,2,18468,308,54,in-progress,1045,125
10-May-26,610b5fff,2026-05-10 10:51:27 +0100,26,339.3,88.2,94.6,0.3,-83.1,1052,3186,2,18752,308,54,in-progress,1051,129
10-May-26,ddd3eceb,2026-05-10 11:09:18 +0100,27,350.8,91,99.8,2.8,-80.3,1061,3222,3,18920,308,54,in-progress,1060,133
10-May-26,f851ba6b,2026-05-10 11:19:23 +0100,28,368.7,96,104.6,5,-75.3,1106,3336,2,15835,308,54,in-progress,1105,140
10-May-26,b5fdf865,2026-05-10 11:30:14 +0100,29,378.8,89,95.6,-7,-82.3,1126,3413,3,15884,308,54,in-progress,1125,145
10-May-26,b839c1e1,2026-05-10 11:40:42 +0100,30,390,91.9,114.4,2.9,-79.4,1152,3508,2,15930,308,54,in-progress,1151,152
10-May-26,7371c288,2026-05-10 11:50:47 +0100,31,400.1,87.6,104.9,-4.3,-83.7,1177,3606,2,15989,308,54,in-progress,1176,157
10-May-26,f397c1b9,2026-05-10 12:01:08 +0100,32,410.2,94.6,108.6,7,-76.7,1233,3771,3,16011,308,54,in-progress,1232,161
10-May-26,cb5fa863,2026-05-10 12:11:13 +0100,33,420.5,93.1,103.6,-1.5,-78.2,1248,3822,2,16066,308,54,in-progress,1247,167
10-May-26,b83ed685,2026-05-10 12:21:25 +0100,34,430.6,102.4,117.1,9.3,-68.9,1272,3918,3,16096,308,54,in-progress,1271,172
10-May-26,83592201,2026-05-10 12:31:58 +0100,35,440.8,91.1,102.6,-11.3,-80.2,1329,4083,3,16142,308,54,in-progress,1328,176
10-May-26,43efa5db,2026-05-10 12:42:37 +0100,36,451.4,87.8,107.9,-3.3,-83.5,1360,4186,3,16201,308,54,in-progress,1359,181
10-May-26,0aa006ac,2026-05-10 12:53:34 +0100,37,462,97.3,114.8,9.5,-74,1425,4339,2,16175,308,54,in-progress,1424,184
10-May-26,5f305d95,2026-05-10 13:04:27 +0100,38,473,88.5,105.6,-8.8,-82.8,1464,4511,4,16034,308,54,in-progress,1463,187
10-May-26,015bbd95,2026-05-10 13:14:53 +0100,39,483.8,87.7,98.4,-0.8,-83.6,1528,4687,3,15849,308,54,in-progress,1527,191
9-May-26,a215a91a,2026-05-09 05:10:33 +0100,0,10.2,136.1,218.2,,0,459,1260,3,8562,308,53,in-progress,458,7
9-May-26,d486c2ae,2026-05-09 05:22:31 +0100,1,20.4,91.1,99.5,-45,-45,740,2158,3,13923,308,53,in-progress,739,10
9-May-26,33105aed,2026-05-09 05:32:36 +0100,2,32.3,94.5,103.8,3.4,-41.6,748,2177,2,14132,308,53,in-progress,747,15
9-May-26,9ef6127b,2026-05-09 05:42:40 +0100,3,42.4,96.7,101.7,2.2,-39.4,756,2204,3,14214,308,53,in-progress,755,18
9-May-26,fb9d0858,2026-05-09 05:54:57 +0100,4,52.5,95.9,106.2,-0.8,-40.2,767,2242,3,14403,308,53,in-progress,766,23
9-May-26,491af7dd,2026-05-09 06:05:02 +0100,5,64.8,93.1,98.3,-2.8,-43,781,2287,2,14607,308,53,in-progress,780,28
9-May-26,10ae52f7,2026-05-09 06:18:20 +0100,6,74.8,92.9,100.3,-0.2,-43.2,789,2318,3,14746,308,53,in-progress,788,31
9-May-26,7a7437e7,2026-05-09 06:36:25 +0100,7,90.4,93.4,100.5,0.5,-42.7,829,2414,2,15012,308,53,in-progress,828,37
9-May-26,b948ab40,2026-05-09 06:46:30 +0100,8,106.2,92.7,105.1,-0.7,-43.4,837,2439,3,15142,308,53,in-progress,836,42
9-May-26,58e65e54,2026-05-09 06:58:00 +0100,9,116.3,93.6,102.1,0.9,-42.5,846,2463,2,15297,308,53,in-progress,845,48
9-May-26,1af8fb67,2026-05-09 07:10:57 +0100,10,127.8,92.4,99.1,-1.2,-43.7,857,2505,2,15536,308,53,in-progress,856,53
9-May-26,34cd67e0,2026-05-09 07:23:33 +0100,11,140.8,93,104.1,0.6,-43.1,868,2543,3,15750,308,53,in-progress,867,59
9-May-26,2cfe51fa,2026-05-09 07:39:10 +0100,12,153.4,100.9,111.4,7.9,-35.2,879,2581,2,15993,308,53,in-progress,878,65
9-May-26,34c90e99,2026-05-09 07:49:44 +0100,13,169,94.7,104.6,-6.2,-41.4,889,2613,3,16123,308,53,in-progress,888,70
9-May-26,5ffb6b05,2026-05-09 08:02:23 +0100,14,179.5,93.1,102.3,-1.6,-43,903,2659,2,16260,308,53,in-progress,902,75
9-May-26,98f91a0d,2026-05-09 08:12:28 +0100,15,192.2,97.7,105.8,4.6,-38.4,912,2690,2,16459,308,53,in-progress,911,80
9-May-26,1eae47ff,2026-05-09 08:26:34 +0100,16,202.3,96.2,106.8,-1.5,-39.9,923,2729,2,16546,308,53,in-progress,922,83
9-May-26,906baeb5,2026-05-09 08:43:43 +0100,17,216.4,100.8,107.6,4.6,-35.3,933,2762,3,16704,308,53,in-progress,932,88
9-May-26,62e3de22,2026-05-09 08:54:21 +0100,18,233.5,95.8,103.8,-5,-40.3,941,2790,3,16754,308,53,in-progress,940,94
9-May-26,0245b0e0,2026-05-09 09:13:20 +0100,19,246.5,95.8,101.3,0,-40.3,949,2819,2,17041,308,53,in-progress,948,99
9-May-26,5b0bc7dd,2026-05-09 09:26:25 +0100,20,264.3,94.3,102.8,-1.5,-41.8,958,2849,2,17508,308,53,in-progress,957,106
9-May-26,66a1c206,2026-05-09 09:39:14 +0100,21,276.2,94.9,102.8,0.6,-41.2,995,2937,3,17701,308,53,in-progress,994,109
9-May-26,0b025872,2026-05-09 09:51:46 +0100,22,289,95.4,101.3,0.5,-40.7,1001,2954,3,17908,308,53,in-progress,1000,113
9-May-26,ce85ff09,2026-05-09 10:03:55 +0100,23,301.6,96.9,104.6,1.5,-39.2,1007,2967,2,17843,308,53,in-progress,1006,118
9-May-26,d70894d6,2026-05-09 10:15:52 +0100,24,313.7,102.7,110.9,5.8,-33.4,1013,2984,2,17990,308,53,in-progress,1012,122
9-May-26,43669dc3,2026-05-09 10:28:19 +0100,25,325.7,95.4,106.8,-7.3,-40.7,1019,3005,2,18279,308,53,in-progress,1018,126
9-May-26,89a526c3,2026-05-09 10:46:02 +0100,26,338.1,95.7,104.6,0.3,-40.4,1028,3041,3,18626,308,53,in-progress,1027,130
9-May-26,2fe7e579,2026-05-09 11:00:50 +0100,27,355.8,106.9,119.3,11.2,-29.2,1038,3074,3,18982,308,53,in-progress,1037,136
9-May-26,ab51164d,2026-05-09 11:10:55 +0100,28,370.6,101.5,106.1,-5.4,-34.6,1046,3099,2,19291,308,53,in-progress,1045,143
9-May-26,622189d3,2026-05-09 11:22:45 +0100,29,380.7,96.3,105.8,-5.2,-39.8,1052,3120,2,19481,308,53,in-progress,1051,147
9-May-26,15cbca6b,2026-05-09 11:35:01 +0100,30,392.6,96.3,104.3,0,-39.8,1058,3137,2,19484,308,53,in-progress,1057,151
9-May-26,65d74631,2026-05-09 11:45:06 +0100,31,404.8,96.2,103.3,-0.1,-39.9,1060,3145,3,19521,308,53,in-progress,1059,152
9-May-26,426a60db,2026-05-09 11:55:11 +0100,32,414.9,96.7,104.1,0.5,-39.4,1065,3156,2,19715,308,53,in-progress,1064,156
9-May-26,ed1fef0f,2026-05-09 12:07:04 +0100,33,425,98.9,104.3,2.2,-37.2,1071,3172,2,19759,308,53,in-progress,1070,160
9-May-26,4c389c8c,2026-05-09 12:19:23 +0100,34,436.9,96.6,102.3,-2.3,-39.5,1077,3189,2,19932,308,53,in-progress,1076,164
9-May-26,f65cb5b7,2026-05-09 12:29:32 +0100,35,449.2,96.5,109.1,-0.1,-39.6,1086,3221,3,16020,308,53,in-progress,1085,168
9-May-26,bbf0c57a,2026-05-09 12:40:32 +0100,36,459.8,103.6,113.8,7.1,-32.5,1106,3297,3,16094,308,53,in-progress,1105,174
9-May-26,45a165ea,2026-05-09 12:53:44 +0100,37,470.8,98.6,113.4,-5,-37.5,1123,3361,3,16181,308,53,in-progress,1122,179
9-May-26,09443fef,2026-05-09 13:03:49 +0100,38,483.5,97.6,111.6,-1,-38.5,1168,3474,2,16232,308,53,in-progress,1167,186
9-May-26,0e3926ef,2026-05-09 13:13:54 +0100,39,493.6,103.1,112.6,5.5,-33,1181,3523,2,16316,308,53,in-progress,1180,191
8-May-26,52e4abca,2026-05-08 05:20:45 +0100,0,10.2,130.1,219.5,,0,427,1177,3,8237,307,52,in-progress,426,10
8-May-26,e0c61e72,2026-05-08 05:32:05 +0100,1,20.3,72.2,83.3,-57.9,-57.9,734,2148,2,14031,307,52,in-progress,733,13
8-May-26,0912acb8,2026-05-08 05:42:10 +0100,2,31.7,72.5,79.3,0.3,-57.6,736,2152,2,14101,307,52,in-progress,735,15
8-May-26,f10b704b,2026-05-08 05:52:22 +0100,3,41.8,72.8,82.5,0.3,-57.3,738,2160,3,14144,307,52,in-progress,737,16
8-May-26,9f1f6e3f,2026-05-08 06:05:22 +0100,4,52,79.7,90.7,6.9,-50.4,746,2181,2,14327,307,52,in-progress,745,21
8-May-26,3c6f427b,2026-05-08 06:19:21 +0100,5,65,74.8,82.3,-4.9,-55.3,762,2235,3,14466,307,52,in-progress,761,26
8-May-26,444559ac,2026-05-08 06:29:26 +0100,6,78.9,72.7,76.5,-2.1,-57.4,769,2250,2,14624,307,52,in-progress,768,32
8-May-26,45bd4d6d,2026-05-08 06:45:33 +0100,7,89,76.4,93.1,3.7,-53.7,792,2304,2,14731,307,52,in-progress,791,35
8-May-26,df7c151e,2026-05-08 06:59:28 +0100,8,105.1,74,83.6,-2.4,-56.1,808,2363,3,14918,307,52,in-progress,807,42
8-May-26,ef0dc90e,2026-05-08 07:14:10 +0100,9,119,79.7,87.7,5.7,-50.4,820,2391,2,15103,307,52,in-progress,819,49
8-May-26,6150206b,2026-05-08 07:25:15 +0100,10,134.6,76.8,83.6,-2.9,-53.3,828,2414,3,15233,307,52,in-progress,827,54
8-May-26,3715ea89,2026-05-08 07:35:20 +0100,11,144.8,73.4,77.6,-3.4,-56.7,835,2429,2,15343,307,52,in-progress,834,58
8-May-26,97d5c50e,2026-05-08 07:45:26 +0100,12,154.9,73.7,79.1,0.3,-56.4,837,2437,3,15368,307,52,in-progress,836,59
8-May-26,fd289531,2026-05-08 07:55:59 +0100,13,165.5,78.5,83.6,4.8,-51.6,856,2482,2,15489,307,52,in-progress,855,63
8-May-26,4de46cdf,2026-05-08 08:06:04 +0100,14,175.6,77.2,83.1,-1.3,-52.9,864,2509,3,15571,307,52,in-progress,863,66
8-May-26,6533bffd,2026-05-08 08:16:09 +0100,15,185.7,73.8,77.6,-3.4,-56.3,865,2507,2,15624,307,52,in-progress,864,68
8-May-26,7c11d1e4,2026-05-08 08:26:15 +0100,16,195.7,74,79.6,0.2,-56.1,867,2515,3,15649,307,52,in-progress,866,69
8-May-26,3ed4715e,2026-05-08 08:38:23 +0100,17,205.8,74.4,79.8,0.4,-55.7,878,2548,3,15781,307,52,in-progress,877,74
8-May-26,d4f85047,2026-05-08 08:48:28 +0100,18,218,74,78.3,-0.4,-56.1,880,2548,2,15852,307,52,in-progress,879,77
8-May-26,97890396,2026-05-08 08:58:38 +0100,19,228.1,74.6,82.1,0.6,-55.5,882,2556,3,15877,307,52,in-progress,881,78
8-May-26,60fe8bc9,2026-05-08 09:13:02 +0100,20,238.2,74.3,81.8,-0.3,-55.8,886,2568,3,15934,307,52,in-progress,885,80
8-May-26,c875b603,2026-05-08 09:27:50 +0100,21,254,78,86.8,3.7,-52.1,893,2582,2,16092,307,52,in-progress,892,86
8-May-26,8e6945b1,2026-05-08 09:40:06 +0100,22,267.4,78.1,85.3,0.1,-52,900,2604,3,16215,307,52,in-progress,899,91
8-May-26,b6fdb891,2026-05-08 09:50:11 +0100,23,279.7,76.4,87.6,-1.7,-53.7,902,2608,3,16240,307,52,in-progress,901,92
8-May-26,01e0ace5,2026-05-08 10:00:17 +0100,24,289.8,74.4,80.8,-2,-55.7,903,2606,2,16293,307,52,in-progress,902,94
8-May-26,b7c23e7d,2026-05-08 10:10:22 +0100,25,299.9,74.6,79.3,0.2,-55.5,904,2608,2,16311,307,52,in-progress,903,95
8-May-26,7b852cfa,2026-05-08 10:22:01 +0100,26,310,75.8,87.3,1.2,-54.3,910,2624,2,16416,307,52,in-progress,909,99
8-May-26,c4f2c422,2026-05-08 10:33:45 +0100,27,321.6,74.7,84.3,-1.1,-55.4,916,2640,2,16521,307,52,in-progress,915,103
8-May-26,14c907e8,2026-05-08 10:45:38 +0100,28,333.3,75.1,82.8,0.4,-55,922,2662,3,16660,307,52,in-progress,921,106
8-May-26,50e1203c,2026-05-08 11:10:50 +0100,30,358.2,75.6,80.3,0.7,-54.5,946,2726,3,16731,307,52,in-progress,945,114
8-May-26,63693674,2026-05-08 11:20:56 +0100,31,370.4,75.1,80.8,-0.5,-55,948,2730,3,16791,307,52,in-progress,947,116
8-May-26,ee40781a,2026-05-08 11:31:01 +0100,32,380.5,79.1,86.8,4,-51,953,2740,2,16961,307,52,in-progress,952,120
8-May-26,14e9b126,2026-05-08 11:42:34 +0100,33,390.6,79.2,86.6,0.1,-50.9,959,2756,2,17168,307,52,in-progress,958,124
8-May-26,bed858de,2026-05-08 11:52:39 +0100,34,402.2,77.7,88.1,-1.5,-52.4,961,2764,3,17229,307,52,in-progress,960,125
8-May-26,1e043d5d,2026-05-08 12:09:59 +0100,35,412.2,77.4,90.1,-0.3,-52.7,965,2772,2,17381,307,52,in-progress,964,128
8-May-26,8ed4b791,2026-05-08 12:20:05 +0100,36,429.6,78,87.3,0.6,-52.1,969,2784,3,17255,307,52,in-progress,968,131
8-May-26,356dfff2,2026-05-08 12:30:10 +0100,37,439.7,79.1,89.3,1.1,-51,974,2794,2,17395,307,52,in-progress,973,135
8-May-26,ed0cf659,2026-05-08 12:41:55 +0100,38,449.8,77.6,87.8,-1.5,-52.5,980,2810,2,17560,307,52,in-progress,979,139
8-May-26,c0046ccf,2026-05-08 12:57:19 +0100,39,461.5,76,90.8,-1.6,-54.1,984,2826,3,17666,307,52,in-progress,983,140
8-May-26,85571459,2026-05-08 13:09:47 +0100,40,476.9,76.2,84.6,0.2,-53.9,996,2858,3,17965,307,52,in-progress,995,148
